型号,类别
FWD100,银白系列
FWD101,银白系列
FWD103,银白系列
FWD110,银白系列
FWD111,银白系列
FWD111M,银白系列
FWD111MT,银白系列
FWD119,银白系列
FWD120,银白系列
FWD122,银白系列
FWD123,银白系列
FWD123T,银白系列
FWD123TS,银白系列
FWD151,银白系列
FWD152,银白系列
FWD153,银白系列
FWD163,银白系列
FWD173,银白系列
FWD201,虹彩系列
FWD205,虹彩系列
FWD205A,虹彩系列
FWD205M,虹彩系列
FWD2205G,虹彩系列
FWD211,虹彩系列
FWD215,虹彩系列
FWD219,虹彩系列
FWD221,虹彩系列
FWD223,虹彩系列
FWD225,虹彩系列
FWD231,虹彩系列
FWD235,虹彩系列
FWD259,虹彩系列
FWD289,虹彩系列
FWD299,虹彩系列
FWD216,虹彩系列
FWD217,虹彩系列
FWD224,虹彩系列
FWD249,虹彩系列
FWD300,金色系列
FWD301,金色系列
FWD302,金色系列
FWD303,金色系列
FWD304,金色系列
FWD305,金色系列
FWD306,金色系列
FWD307,金色系列
FWD308,金色系列
FWD320,金色系列
FWD323,金色系列
FWD323M,金色系列
FWD325,金色系列
FWD3302,金色系列
FWD330,金色系列
FWD351,金色系列
FWD353,金色系列
FWD355,金色系列
FWD362,金色系列
FWD3112,金色系列
FWD361,金色系列
FWD400B,着色系列
FWD401,着色系列
FWD402,着色系列
FWD4002,着色系列
FWD4012,着色系列
FWD403,着色系列
FWD405B,着色系列
FWD407,着色系列
FWD415Y,着色系列
FWD408,着色系列
FWD410,着色系列
FWD411,着色系列
FWD413,着色系列
FWD416,着色系列
FWD417,着色系列
FWD418B,着色系列
FWD419B,着色系列
FWD421,着色系列
FWD424,着色系列
FWD425,着色系列
FWD425B,着色系列
FWD427,着色系列
FWD429,着色系列
FWD430,着色系列
FWD435,着色系列
FWD435B,着色系列
FWD436 ,着色系列
FWD491,着色系列
FWD500,金属彩光系列
FWD502,金属彩光系列
FWD503,金属彩光系列
FWD504,金属彩光系列
FWD505,金属彩光系列
FWD508,金属彩光系列
FWD509,金属彩光系列
FWD510,金属彩光系列
FWD520,金属彩光系列
FWD522,金属彩光系列
FWD524,金属彩光系列
FWD525,金属彩光系列
FWD530,金属彩光系列
FWD532,金属彩光系列
FWD534,金属彩光系列
FWD535,金属彩光系列
FWD3500,金属彩光系列
FWD3502,金属彩光系列
FWD3504,金属彩光系列
FWD5516,金属彩光系列
FWD5518,金属彩光系列
FWD5519,金属彩光系列
FWD506,金属彩光系列
FWD552,金属彩光系列
FWD6001,超白系列
FWD6002,超白系列
FWD6002A,超白系列
FWD6002T,超白系列
FWD6003,超白系列
FWD6003T,超白系列
FWD6005,超白系列
FWD6005T,超白系列
FWD6006,超白系列
FWD6007,超白系列
FWD6009,超白系列
FWD6018,超白系列
FWD6018T,超白系列
FWD6163,超白系列
FWD6810,水晶系列
FWD6820,水晶系列
FWD6830,水晶系列
FWD6840,水晶系列
FWD6850,水晶系列
FWD6860,水晶系列
FWD6881,水晶系列
FWD6882,水晶系列
FWD6883,水晶系列
FWD6884,水晶系列
FWD6885,水晶系列
FWD6300,水晶系列
FWD6300T,水晶系列
FWD6303,水晶系列
FWD6500,水晶系列
FWD6504,水晶系列
FWD6504T,水晶系列
FWD6910,水晶系列
FWD6205,水晶系列
FWD6215,水晶系列
FWD6219,水晶系列
FWD6224,水晶系列
FWD6225,水晶系列
FWD6235,水晶系列
FWD6500A,水晶系列
FWD6501,水晶系列
FWD6502,水晶系列
FWD6502A,水晶系列
FWD6504A,水晶系列
FWD6303A,水晶系列
FWD6307A,水晶系列
FWDD10A,钻石系列
FWDD10L,钻石系列
FWDD21L,钻石系列
FWDD23L,钻石系列
FWDD25L,钻石系列
FWDD27L,钻石系列
FWDD28L,钻石系列
FWDD29L,钻石系列
FWDD10M,钻石系列
FWDD21M,钻石系列
FWDD23M,钻石系列
FWDD25M,钻石系列
FWDD27M,钻石系列
FWDD28M,钻石系列
FWDD29M,钻石系列
FWDD10X,钻石系列
FWDD21X,钻石系列
FWDD23X,钻石系列
FWDD25X,钻石系列
FWDD27X,钻石系列
FWDD28X,钻石系列
FWDD29X,钻石系列
FWDD10Y,钻石系列
FWD5890,钻石系列
FWD5891,钻石系列
FWD5892,钻石系列
FWD5893,钻石系列
FWD5894,钻石系列
FWD5895,钻石系列
FWD5800,钻石系列
FWD5800A,钻石系列
FWD5800D,钻石系列
FWD5870A,钻石系列
FWD5870B,钻石系列
FWD5870C,钻石系列
FWD5870D,钻石系列
FWD5871C,钻石系列
FWD5872C,钻石系列
FWD5871A,钻石系列
FWD5872A,钻石系列
FWD5873A,钻石系列
FWD5874A,钻石系列
FWD6601,磁性珠光
FWD6601A,磁性珠光
FWD6602,磁性珠光
FWD6602E,磁性珠光
FWD6603,磁性珠光
FWD6603B,磁性珠光
FWD6683T,磁性珠光
FWD111WR,耐候系列
FWD103TWR,耐候系列
FWD121WR,耐候系列
FWD151WR,耐候系列
FWD152WR,耐候系列
FWD101WR,耐候系列
FWD201WR,耐候系列
FWD211WR,耐候系列
FWD223WR,耐候系列
FWD221WR,耐候系列
FWD231WR,耐候系列
FWD205WR,耐候系列
FWD215WR,耐候系列
FWD219WR,耐候系列
FWD225WR,耐候系列
FWD235WR,耐候系列
FWD300WR,耐候系列
FWD303WR,耐候系列
FWD306WR,耐候系列
FWD302WR,耐候系列
FWD323WR,耐候系列
FWD351WR,耐候系列
FWD7305WR,耐候系列
FWD500WR,耐候系列
FWD502WR,耐候系列
FWD504WR,耐候系列
FWD508WR,耐候系列
FWD520WR,耐候系列
FWD522WR,耐候系列
FWD524WR,耐候系列
FWD525WR,耐候系列
FWD534WR,耐候系列
FWD5518WR,耐候系列
FWD5519WR,耐候系列
FWD6002AWR,耐候系列
FWD6003TWR,耐候系列
FWD8205WR,耐候系列
FWD8503WR,耐候系列
FWD96107SW,耐候系列
FWD901KSW,耐候系列
FWDV015,玻璃包银系列
FWDV020,玻璃包银系列
FWDV040,玻璃包银系列
FWDV060,玻璃包银系列
FWDV080,玻璃包银系列
FWDV095,玻璃包银系列
FWDV150,玻璃包银系列
FWDV155,玻璃包银系列
FWDV220,玻璃包银系列
FWDV550,玻璃包银系列
FWDV580,玻璃包银系列
FWDV040B,玻璃包银系列
FWDV060B,玻璃包银系列
FWDV080B,玻璃包银系列
FWDV095B,玻璃包银系列
FWDV150B,玻璃包银系列
FWD7305,其他
FWD7322,其他
FWD7322B,其他
FWD7331,其他
FWD7351,其他
FWD7352,其他
FWD7365,其他
FWD7504,其他
FWD001,其他
FWD600,其他
HM010AS,云母粉
HC010AS,云母粉
BHC9337GP,玻璃变色龙
BHC9338GR,玻璃变色龙
BHC9320YB,玻璃变色龙
BHC9321RY,玻璃变色龙
BHC9323PG,玻璃变色龙
BHC9325BR,玻璃变色龙
BHC9326BM ,玻璃变色龙
BHC9327GP,玻璃变色龙
BHC9328GR,玻璃变色龙
BHC89230GY,着色变色龙
BHC89232BR,着色变色龙
BHC89233BR,着色变色龙
BHC89234BG,着色变色龙
BHC89235G,着色变色龙
BHC89237BG,着色变色龙
BHC9225BMTH,化妆品系列
BHC9227GOH,化妆品系列
BHC9230YBH,化妆品系列
BHC9232MGH,化妆品系列
BHC9233POH,化妆品系列
BHC9234BOH,化妆品系列
BHC9235BVH,化妆品系列
BHC9237GRH,化妆品系列
BHC9275BOH,化妆品系列
BHC5518,化妆品系列
,
,
,
,